model,display_model,pass,exact_attempts,mean_score,mean_aligned_cell_accuracy,mean_row_set_correctness,dominant_failure_mode,row_count_mismatch,same_count_wrong_values,exact
gemma4-31b-sqlbench:latest,Gemma 4 31B,1,13,0.92525,0.7890972222222222,0.9958333333333333,exact,1,13,13
gemma4-31b-sqlbench:latest,Gemma 4 31B,2,12,0.9202222222222222,0.7911111111111111,0.9833333333333334,same_count_wrong_values,3,15,12
gemma4-31b-sqlbench:latest,Gemma 4 31B,3,9,0.8665,0.7008333333333333,0.955,same_count_wrong_values,6,15,9
gemma4-26b-sqlbench:latest,Gemma 4 26B,1,9,0.8225,0.6455555555555555,0.9069444444444444,row_count_mismatch,12,6,9
gemma4-26b-sqlbench:latest,Gemma 4 26B,2,6,0.7889563492063493,0.5814656084656085,0.8628968253968254,row_count_mismatch,11,10,6
gemma4-26b-sqlbench:latest,Gemma 4 26B,3,3,0.5700912698412698,0.5230952380952381,0.6295238095238095,same_count_wrong_values,13,14,3
qwen3.6-sqlbench:latest,Qwen3.6,1,6,0.8417777777777777,0.6277777777777778,0.9555555555555555,same_count_wrong_values,9,15,6
qwen3.6-sqlbench:latest,Qwen3.6,2,6,0.7308611111111111,0.6019907407407408,0.8108333333333333,row_count_mismatch,15,9,6
qwen3.6-sqlbench:latest,Qwen3.6,3,0,0.662875,0.6405555555555555,0.74,same_count_wrong_values,9,21,0
qwen2.5-72b-sqlbench:latest,Qwen 2.5 72B,1,7,0.8395277777777778,0.6934027777777778,0.9166666666666666,same_count_wrong_values,11,12,7
qwen2.5-72b-sqlbench:latest,Qwen 2.5 72B,2,3,0.7808333333333333,0.6213888888888889,0.8677777777777778,same_count_wrong_values,10,17,3
qwen2.5-72b-sqlbench:latest,Qwen 2.5 72B,3,1,0.690875,0.6271296296296296,0.7661111111111111,same_count_wrong_values,11,18,1
qwen2.5-coder-32b-sqlbench:latest,Qwen 2.5 Coder 32B,1,6,0.8454444444444444,0.6835185185185185,0.9412037037037037,same_count_wrong_values,8,16,6
qwen2.5-coder-32b-sqlbench:latest,Qwen 2.5 Coder 32B,2,3,0.6333888888888889,0.492962962962963,0.7433333333333333,row_count_mismatch,18,9,3
qwen2.5-coder-32b-sqlbench:latest,Qwen 2.5 Coder 32B,3,0,0.5674583333333333,0.48819444444444443,0.71,same_count_wrong_values,10,20,0
mixtral-8x22b-sqlbench:latest,Mixtral 8x22B,1,2,0.8026944444444445,0.5983333333333334,0.9009259259259259,same_count_wrong_values,12,16,2
mixtral-8x22b-sqlbench:latest,Mixtral 8x22B,2,2,0.7006349206349206,0.5448192239858907,0.8063492063492064,same_count_wrong_values,12,16,2
mixtral-8x22b-sqlbench:latest,Mixtral 8x22B,3,3,0.6185277777777778,0.51,0.7238888888888889,row_count_mismatch,16,11,3
llama3-70b-sqlbench:latest,Llama 3 70B,1,3,0.8003425925925925,0.5978703703703704,0.8888888888888888,row_count_mismatch,17,10,3
llama3-70b-sqlbench:latest,Llama 3 70B,2,0,0.6538030303030303,0.4111307519640853,0.7550505050505051,row_count_mismatch,22,8,0
llama3-70b-sqlbench:latest,Llama 3 70B,3,0,0.6470833333333333,0.5073981481481481,0.74,row_count_mismatch,18,12,0
codellama-70b-sqlbench:latest,CodeLlama 70B,1,3,0.6266706349206349,0.5598941798941799,0.7446428571428572,same_count_wrong_values,12,15,3
codellama-70b-sqlbench:latest,CodeLlama 70B,2,0,0.41505555555555557,0.3713853615520282,0.5605555555555556,row_count_mismatch,22,8,0
codellama-70b-sqlbench:latest,CodeLlama 70B,3,0,0.5063194444444444,0.33305555555555555,0.6388888888888888,row_count_mismatch,19,11,0
command-r-plus-sqlbench:latest,Command R+,1,1,0.8303531746031746,0.6392328042328043,0.9301587301587302,same_count_wrong_values,9,20,1
command-r-plus-sqlbench:latest,Command R+,2,0,0.5923888888888889,0.5491728395061729,0.6777777777777778,row_count_mismatch,17,13,0
command-r-plus-sqlbench:latest,Command R+,3,0,0.5138205128205128,0.3930740740740741,0.6402564102564102,row_count_mismatch,18,12,0
dbrx-sqlbench:latest,DBRX,1,1,0.7350515873015873,0.48955687830687833,0.866984126984127,row_count_mismatch,15,14,1
dbrx-sqlbench:latest,DBRX,2,0,0.4407042448292448,0.3388102541521659,0.5739339826839827,row_count_mismatch,20,8,0
dbrx-sqlbench:latest,DBRX,3,0,0.5447638888888889,0.4123148148148148,0.7172222222222222,same_count_wrong_values,4,23,0
qwen3-coder-30b-sqlbench:latest,Qwen3 Coder 30B,1,0,0.44991666666666663,0.5869444444444445,0.5416666666666666,row_count_mismatch,12,12,0
qwen3-coder-30b-sqlbench:latest,Qwen3 Coder 30B,2,0,0.5981111111111111,0.524,0.7066666666666667,row_count_mismatch,18,12,0
qwen3-coder-30b-sqlbench:latest,Qwen3 Coder 30B,3,0,0.6562222222222223,0.5244444444444445,0.7622222222222222,same_count_wrong_values,14,16,0
phi4-mini-sqlbench:latest,Phi-4 Mini,1,0,0.6941911375661376,0.4180489417989418,0.8341269841269842,row_count_mismatch,19,11,0
phi4-mini-sqlbench:latest,Phi-4 Mini,2,0,0.529386585149743,0.34013930870948417,0.6630006835269993,row_count_mismatch,23,7,0
phi4-mini-sqlbench:latest,Phi-4 Mini,3,0,0.41735714285714287,0.2952962962962963,0.5521428571428572,row_count_mismatch,17,13,0
deepseek-coder-33b-sqlbench:latest,DeepSeek Coder 33B,1,0,0.6756296296296297,0.49398148148148147,0.8050925925925926,row_count_mismatch,14,13,0
deepseek-coder-33b-sqlbench:latest,DeepSeek Coder 33B,2,0,0.5066349206349207,0.35819047619047617,0.6336507936507937,row_count_mismatch,25,5,0
deepseek-coder-33b-sqlbench:latest,DeepSeek Coder 33B,3,0,0.4324543650793651,0.3386349206349206,0.5584920634920635,same_count_wrong_values,14,16,0
